category,score,count
structure,0.8333333333333334,21
behavior,1.0,2
semantics,0.7303921568627451,2
