category,score,count
structure,0.7857142857142857,21
behavior,1.0,2
semantics,0.7758467023172906,2
