category,score,count
structure,0.888888888888889,21
behavior,1.0,2
semantics,0.3992297817715019,2
