category,score,count
structure,0.9523809523809523,21
behavior,1.0,2
semantics,0.43493761140819964,2
