category,score,count
structure,0.9047619047619048,21
behavior,1.0,2
semantics,0.4946684894053315,2
