category,score,count
structure,0.8214285714285714,21
behavior,1.0,2
semantics,0.7615864527629234,2
