category,score,count
structure,0.9166666666666666,21
behavior,1.0,2
semantics,0.8057040998217468,2
