category,score,count
structure,0.9166666666666666,21
behavior,1.0,2
semantics,0.7005347593582887,2
