category,score,count
structure,0.9761904761904762,21
behavior,1.0,2
semantics,0.4757784099889363,2
