category,score,count
structure,0.9523809523809523,21
behavior,1.0,2
semantics,0.5283204190767217,2
