category,score,count
structure,0.9166666666666666,21
behavior,1.0,2
semantics,0.7446524064171123,2
