category,score,count
structure,0.8571428571428571,21
behavior,1.0,2
semantics,0.7156862745098038,2
